insert into quizz_sc.survey (id, title, description, create_dt, update_dt, is_active, created_by_id)
values ('6123d5c0-b271-4aa4-8615-adf70cbc4266', 'Тест номер 1 (заглушка)',
        'Дефолтный тест номер 1, заглушка для примера работы приложения',
        '2026-03-29 12:52:18.498'::timestamp, '2026-03-29 12:52:18.498', true, '00000000000'),

       ('166a2a25-6f12-405b-b3dc-b4961e34c6eb', 'Тест номер 2 (заглушка)',
        'Дефолтный тест номер 2, заглушка для примера работы приложения',
        '2026-03-29 12:52:18.498'::timestamp, '2026-03-29 12:52:18.498'::timestamp, true, '00000000000');

insert into quizz_sc.question (id, question_text, order_index, survey_id)
values ('2db46f9a-945a-499c-b6fe-bf9edd7aa0f8', 'Какого цвета спелый лимон?', 0,
        '6123d5c0-b271-4aa4-8615-adf70cbc4266'),
       ('1a8c938b-5dbf-4b10-9df0-b880ab596498', 'Сколько месяцев в году?', 1, '6123d5c0-b271-4aa4-8615-adf70cbc4266'),
       ('21189f40-6890-4fdb-b2b1-809548da0944', 'Какое животное живёт в норе?', 2,
        '6123d5c0-b271-4aa4-8615-adf70cbc4266'),
       ('4367cda3-786b-4f10-a180-bf525dd48212', 'Что используют для письма в школе?', 3,
        '6123d5c0-b271-4aa4-8615-adf70cbc4266'),
       ('c7d1bfd9-1544-435f-bed8-d37d07d3805f', ' Как называется самый близкий к Земле космический объект?', 4,
        '6123d5c0-b271-4aa4-8615-adf70cbc4266'),
       ('914b8f75-f97e-4010-9a95-11873535b264', '3 × 4 = ?', 0, '166a2a25-6f12-405b-b3dc-b4961e34c6eb'),
       ('f3dda340-2685-4011-b79a-8a0ba87883ca', 'В каком городе находится Эйфелева башня?', 1,
        '166a2a25-6f12-405b-b3dc-b4961e34c6eb'),
       ('10bec4bf-2903-47a9-acf7-3c3da5030fc8', 'Что пьют из чашки?', 2, '166a2a25-6f12-405b-b3dc-b4961e34c6eb'),
       ('eccb77f1-5fec-4558-8b71-c85d3eababe4', 'Какой предмет надевают на голову?', 3,
        '166a2a25-6f12-405b-b3dc-b4961e34c6eb');

insert into quizz_sc.option (id, option_text, order_index, is_correct, question_id)
values ('0a09f288-cc85-48f2-b5e9-df56c8a72305', 'Красный', 0, false, '2db46f9a-945a-499c-b6fe-bf9edd7aa0f8'),
       ('2d1d203a-bef2-4edc-b0c1-30c0b4467cd7', 'Жёлтый', 1, true, '2db46f9a-945a-499c-b6fe-bf9edd7aa0f8'),
       ('5cfed848-d450-4a59-98a1-18a79eb70b3c', 'Зелёный', 2, false, '2db46f9a-945a-499c-b6fe-bf9edd7aa0f8'),
       ('39e76b01-165a-4629-8ed3-759815792ecc', 'Синий', 0, false, '2db46f9a-945a-499c-b6fe-bf9edd7aa0f8'),

       ('228cd0dc-bc53-4882-9ad3-68f0de512a80', '10', 0, false, '1a8c938b-5dbf-4b10-9df0-b880ab596498'),
       ('11ab3094-b543-4c56-8fac-633dd15be737', '11', 1, false, '1a8c938b-5dbf-4b10-9df0-b880ab596498'),
       ('e2a96d98-6339-494e-9b58-0363a051b9dd', '12', 2, true, '1a8c938b-5dbf-4b10-9df0-b880ab596498'),
       ('09f8ffb0-69b8-4a8a-80d1-344f86fd5043', '13', 3, false, '1a8c938b-5dbf-4b10-9df0-b880ab596498'),

       ('c0816a30-85b8-4080-80cc-c86cda931777', 'Волк', 0, false, '21189f40-6890-4fdb-b2b1-809548da0944'),
       ('1680efc1-5d0c-4de6-a2aa-188645dcc803', 'Лиса', 1, true, '21189f40-6890-4fdb-b2b1-809548da0944'),
       ('c394cc75-de1b-47f0-a9e0-eb46d609413a', 'Медведь', 2, false, '21189f40-6890-4fdb-b2b1-809548da0944'),

       ('f1d97d31-affa-4a5f-8679-8443fec4e76d', 'Ножницы', 0, false, '4367cda3-786b-4f10-a180-bf525dd48212'),
       ('263896a2-4b06-4007-95ab-492ea357edad', 'Кисточку', 1, false, '4367cda3-786b-4f10-a180-bf525dd48212'),
       ('558cbd42-91fc-4cf5-9f87-0df802df43ce', 'Ручку', 2, true, '4367cda3-786b-4f10-a180-bf525dd48212'),
       ('f9b492b7-43bb-4b6d-b5d6-b65ad6e945f1', 'Линейку', 3, false, '4367cda3-786b-4f10-a180-bf525dd48212'),

       ('6dd62493-da53-49f0-abc4-ef7342552f3c', 'Солнце', 0, false, 'c7d1bfd9-1544-435f-bed8-d37d07d3805f'),
       ('4b3c76b3-2608-426c-8313-7d83ad0dd91a', 'Марс', 1, false, 'c7d1bfd9-1544-435f-bed8-d37d07d3805f'),
       ('a69e3389-0c49-4d91-97ab-dfadfa4fce60', 'Луна', 2, true, 'c7d1bfd9-1544-435f-bed8-d37d07d3805f'),
       ('d625f2c5-2880-4ff8-95f4-cbacd82f33ce', 'Венера', 3, false, 'c7d1bfd9-1544-435f-bed8-d37d07d3805f'),

       ('a185d077-1a36-4a78-b007-5850e370cbd1', '7', 0, false, '914b8f75-f97e-4010-9a95-11873535b264'),
       ('280c2c30-b264-41f4-ae5a-d79e30aea4ed', '10', 1, false, '914b8f75-f97e-4010-9a95-11873535b264'),
       ('b1d08f47-1177-43e4-99df-7470e0991269', '12', 2, true, '914b8f75-f97e-4010-9a95-11873535b264'),
       ('953a2858-4ec1-4280-b046-986d9400fa33', '15', 3, false, '914b8f75-f97e-4010-9a95-11873535b264'),

       ('3286a25d-50e7-4014-8d07-6709fe4d92e2', 'Лондон', 0, false, 'f3dda340-2685-4011-b79a-8a0ba87883ca'),
       ('27ead93e-99f4-48a3-8162-8d4b0f9e3ff5', 'Берлин', 1, false, 'f3dda340-2685-4011-b79a-8a0ba87883ca'),
       ('6a1996fc-6142-472f-9fde-77065237eb40', 'Париж', 2, true, 'f3dda340-2685-4011-b79a-8a0ba87883ca'),
       ('cee4550d-9d99-4f68-96e9-51a62dd30992', 'Рим', 3, false, 'f3dda340-2685-4011-b79a-8a0ba87883ca'),

       ('8e4036c9-572c-4751-bf04-ac43edc942e0', 'Чай', 0, true, '10bec4bf-2903-47a9-acf7-3c3da5030fc8'),
       ('a6079344-2ee8-4e35-a51b-005125dd12d5', 'Кашу', 1, false, '10bec4bf-2903-47a9-acf7-3c3da5030fc8'),
       ('324ded07-7219-4ffa-a258-53f49e8b36cc', 'Салат', 2, false, '10bec4bf-2903-47a9-acf7-3c3da5030fc8'),

       ('14e74432-6ea6-4f98-b8dc-0360c1aa154d', 'Перчатки', 0, false, 'eccb77f1-5fec-4558-8b71-c85d3eababe4'),
       ('c2f4ea46-7587-4078-9de4-e64e75a03934', 'Шапку', 1, true, 'eccb77f1-5fec-4558-8b71-c85d3eababe4'),
       ('54436da0-de3e-41bf-af80-2419acbbcf12', 'Носки', 2, false, 'eccb77f1-5fec-4558-8b71-c85d3eababe4'),
       ('b023fbdc-2c58-4d88-a9bb-3a31339e29fe', 'Шарф', 3, false, 'eccb77f1-5fec-4558-8b71-c85d3eababe4');